1,2,3,4,5,6,7,8,9,10,11,12,13,14,15,16
0.12941177,0.29803923,0.21372549,0.12941177,0.12941177,0.12941177,0.12941177,0.17156863,0.12941177,0.21372549,0.12941177,0.12941177,0.12941177,0.12941177,0.21372549,0.12941177
0.17254902,0.20784314,0.19019608,0.13725491,0.13725491,0.15490197,0.13725491,0.13725491,0.13725491,0.17254902,0.20784314,0.13725491,0.13725491,0.17254902,0.17254902,0.13725491
0.8352941,0.8352941,0.25882354,0.4509804,0.4509804,0.4509804,0.4509804,0.8352941,0.8352941,0.06666667,0.8352941,0.8352941,0.8352941,0.8352941,0.8352941,0.4509804
0.011764706,0.011764706,0.7058824,0.011764706,0.011764706,0.011764706,0.35882354,0.7058824,0.35882354,0.011764706,0.011764706,0.5323529,0.011764706,0.35882354,0.35882354,0.011764706
0.019607844,0.7372549,0.55784315,0.019607844,0.55784315,0.019607844,0.019607844,0.019607844,0.37843138,0.37843138,0.019607844,0.019607844,0.019607844,0.55784315,0.7372549,0.019607844
0.02745098,0.14901961,0.0882353,0.02745098,0.02745098,0.057843138,0.02745098,0.02745098,0.02745098,0.0882353,0.14901961,0.02745098,0.11862745,0.0882353,0.02745098,0.0882353
0.13725491,0.13725491,0.13725491,0.13725491,0.13725491,0.13725491,0.13725491,0.13725491,0.13725491,0.13725491,0.13725491,0.13725491,0.13725491,0.13725491,0.53333336,0.13725491
0.101960786,0.101960786,0.27254903,0.101960786,0.101960786,0.27254903,0.21568628,0.101960786,0.101960786,0.21568628,0.32941177,0.101960786,0.101960786,0.101960786,0.101960786,0.32941177
0.101960786,0.40392157,0.101960786,0.32843137,0.2529412,0.101960786,0.101960786,0.101960786,0.101960786,0.101960786,0.101960786,0.101960786,0.101960786,0.2529412,0.2529412,0.40392157
0.14509805,0.14509805,0.14509805,0.6813725,0.8607843,0.14509805,0.14509805,0.14509805,0.14509805,0.14509805,0.14509805,0.14509805,0.14509805,0.5019608,0.14509805,0.14509805
0.105882354,0.105882354,0.62941176,0.8039216,0.105882354,0.105882354,0.62941176,0.105882354,0.62941176,0.105882354,0.8039216,0.105882354,0.105882354,0.45490196,0.62941176,0.45490196
0.05490196,0.12156863,0.07156863,0.05490196,0.0882353,0.05490196,0.05490196,0.05490196,0.07156863,0.07156863,0.10490196,0.05490196,0.05490196,0.12156863,0.10490196,0.12156863
0.9254902,0.9254902,0.9254902,0.7588235,0.8,0.9254902,0.9254902,0.9254902,0.8,0.8009804,0.8833333,0.9254902,0.84313726,0.9254902,0.9254902,0.84313726
0.8666667,0.8627451,0.8666667,0.8627451,0.8627451,0.8607843,0.8666667,0.8666667,0.8666667,0.8607843,0.8666667,0.8666667,0.85882354,0.86470586,0.86470586,0.85882354
0.047058824,0.047058824,0.047058824,0.047058824,0.047058824,0.047058824,0.047058824,0.047058824,0.047058824,0.047058824,0.047058824,0.047058824,0.047058824,0.047058824,0.047058824,0.047058824
0.021568628,0.021568628,0.021568628,0.4,0.20980392,0.021568628,0.021568628,0.021568628,0.021568628,0.20980392,0.4,0.021568628,0.021568628,0.4,0.20980392,0.021568628
0.05490196,0.05490196,0.05490196,0.05490196,0.05490196,0.05490196,0.05490196,0.05490196,0.05490196,0.073529415,0.05490196,0.05490196,0.05490196,0.05490196,0.05490196,0.05490196
0.94509804,0.94509804,0.94509804,0.25882354,0.6019608,0.6019608,0.94509804,0.94509804,0.94509804,0.43039215,0.94509804,0.94509804,0.94509804,0.43039215,0.94509804,0.6019608
0.8009804,0.70392156,0.6068627,0.8980392,0.50980395,0.50980395,0.8980392,0.8980392,0.70392156,0.70392156,0.6068627,0.70392156,0.70392156,0.8980392,0.50980395,0.8980392
0.37254903,0.55784315,0,0.37058824,0,0.18529412,0,0,0,0,0,0,0,0.74313724,0,0
0.025490196,0.2382353,0.8745098,0.025490196,0.025490196,0.4509804,0.6617647,0.4509804,0.025490196,0.4509804,0.4490196,0.025490196,0.025490196,0.025490196,0.025490196,0.025490196
0.9529412,0.7411765,0.5294118,0.9529412,0.9529412,0.9529412,0.9529412,0.9529412,0.9529412,0.9529412,0.84705883,0.9529412,0.9529412,0.9529412,0.5294118,0.9529412
0.1882353,0.6784314,0.1882353,0.1882353,0.1882353,0.43333334,0.1882353,0.1882353,0.1882353,0.43333334,0.1882353,0.1882353,0.1882353,0.3107843,0.6784314,0.1882353
0.09019608,0.2254902,0.09019608,0.36078432,0.09019608,0.2254902,0.09019608,0.09019608,0.09019608,0.15784314,0.29313725,0.09019608,0.09019608,0.29313725,0.09019608,0.09019608
0.8392157,0.8392157,0.5598039,0.8392157,0.65294117,0.46666667,0.8392157,0.8392157,0.8392157,0.5598039,0.8392157,0.8392157,0.8392157,0.8392157,0.74607843,0.8392157
0.8901961,0.22745098,0.5588235,0.8901961,0.22745098,0.8901961,0.5588235,0.8901961,0.8901961,0.8901961,0.5588235,0.8901961,0.8901961,0.8901961,0.5588235,0.8901961
1,0.7754902,1,0.10392157,1,0.7764706,1,1,1,1,0.7764706,1,1,1,0.5509804,1
0.078431375,0.34411764,0.25490198,0.078431375,0.43333334,0.078431375,0.34509805,0.078431375,0.078431375,0.43333334,0.43333334,0.078431375,0.078431375,0.25490198,0.25686276,0.25686276
0.12156863,0.24901961,0.6313726,0.24901961,0.3764706,0.12156863,0.12156863,0.12156863,0.24901961,0.3764706,0.3764706,0.12156863,0.24901961,0.24901961,0.50392157,0.3764706
0.28235295,0.8117647,0.5470588,0.28235295,0.28235295,0.5470588,0.28235295,0.28235295,0.41470587,0.67941177,0.8117647,0.28235295,0.28235295,0.5470588,0.8117647,0.28235295
0.18039216,0.18039216,0.4362745,0.18039216,0.18039216,0.26568627,0.18039216,0.4362745,0.26568627,0.18039216,0.18039216,0.18039216,0.18039216,0.26568627,0.26568627,0.18039216
0.98039216,0.98039216,0.98039216,0.98039216,0.8372549,0.9078431,0.8372549,0.9078431,0.98039216,0.8372549,0.98039216,0.98039216,0.98039216,0.8372549,0.98039216,0.98039216
0.023529412,0.02745098,0.02745098,0.02745098,0.02745098,0.025490196,0.02745098,0.02745098,0.02745098,0.02745098,0.02745098,0.02745098,0.02745098,0.02745098,0.025490196,0.02745098
0.26666668,0.26666668,0.6156863,0.26666668,0.26666668,0.26666668,0.26666668,0.26666668,0.9647059,0.9647059,0.6156863,0.26666668,0.26666668,0.9647059,0.6156863,0.26666668
0.10784314,0.21568628,0.10784314,0.10784314,0.17843138,0.10784314,0.10784314,0.10784314,0.10784314,0.21568628,0.10784314,0.21764706,0.10784314,0.14313726,0.10784314,0.10784314
0.16078432,0.14313726,0.16078432,0.16078432,0.14509805,0.12745099,0.12745099,0.16078432,0.14313726,0.12745099,0.15294118,0.16078432,0.16078432,0.13627452,0.16078432,0.16078432
0.14901961,0.14901961,0.14901961,0.14901961,0.14901961,0.14901961,0.14901961,0.14901961,0.14901961,0.14901961,0.14901961,0.14901961,0.14901961,0.14901961,0.14901961,0.14901961
0.9647059,0.6764706,0.9647059,0.9647059,0.77254903,0.5803922,0.9647059,0.9647059,0.9647059,0.77254903,0.6764706,0.9647059,0.9647059,0.9647059,0.9647059,0.77254903
0.09411765,0.09411765,0.09411765,0.09411765,0.23529412,0.23529412,0.09411765,0.09411765,0.09411765,0.09411765,0.09411765,0.09411765,0.09411765,0.09411765,0.09411765,0.09411765
0.08627451,0.17156863,0.11470588,0.08627451,0.11470588,0.11470588,0.2,0.14313726,0.08627451,0.2,0.11470588,0.08627451,0.08627451,0.14313726,0.14313726,0.08627451
0.14509805,0.25686276,0.36862746,0.14509805,0.25686276,0.14509805,0.14509805,0.14509805,0.14509805,0.36862746,0.14509805,0.14509805,0.14509805,0.14509805,0.14509805,0.14509805
0.13333334,0.8098039,0.8098039,0.13333334,0.6401961,0.47058824,0.13333334,0.13333334,0.13333334,0.30294117,0.8098039,0.13333334,0.13333334,0.47058824,0.6401961,0.13333334
0.12156863,0.9529412,0.5372549,0.12156863,0.12156863,0.9529412,0.9529412,0.12156863,0.5372549,0.32941177,0.5372549,0.12156863,0.12156863,0.12156863,0.12156863,0.12156863
0.29411766,0,0.5882353,0,0.5882353,0.5882353,0,0,0.5882353,0,0.44117647,0,0,0.29411766,0.44117647,0
0.105882354,0.105882354,0.105882354,0.105882354,0.064705886,0.064705886,0.08529412,0.025490196,0.105882354,0.064705886,0.046078432,0.105882354,0.105882354,0.08627451,0.04509804,0.105882354
0.9764706,0.7411765,0.7411765,0.7411765,0.8,0.85882354,0.9764706,0.9764706,0.9764706,0.8,0.9764706,0.9764706,0.9764706,0.7411765,0.85882354,0.7411765
0.8352941,0.9882353,0.9882353,0.9882353,0.8352941,0.9882353,0.8352941,0.9882353,0.9882353,0.9117647,0.9882353,0.9882353,0.9882353,0.8352941,0.9882353,0.9882353
0.0882353,0.28235295,0.4745098,0.4745098,0.28039217,0.0882353,0.37843138,0.0882353,0.28235295,0.4745098,0.0882353,0.0882353,0.0882353,0.28235295,0.18529412,0.28039217
0.07058824,0.2872549,0.07058824,0.07058824,0.07058824,0.07058824,0.07058824,0.07058824,0.07058824,0.35882354,0.07058824,0.07058824,0.07058824,0.2872549,0.07058824,0.07058824
0.04509804,0.14901961,0.14901961,0.04509804,0.25490198,0.04509804,0.25490198,0.04509804,0.04509804,0.25490198,0.14901961,0.04509804,0.04509804,0.1509804,0.20294118,0.04509804
0.6137255,0.24313726,0.6137255,0.9843137,0.6137255,0.79901963,0.9843137,0.9843137,0.24313726,0.79901963,0.9843137,0.9843137,0.9843137,0.6137255,0.6137255,0.42843136
0.65882355,0.3392157,0.9764706,0.3392157,0.9764706,0.9764706,0.9764706,0.9764706,0.9764706,0.9764706,0.9764706,0.9764706,0.9764706,0.65686274,0.3392157,0.3392157
0.24313726,0.35392156,0.24313726,0.24313726,0.24313726,0.6862745,0.24313726,0.24313726,0.24313726,0.6862745,0.46470588,0.24313726,0.24313726,0.6862745,0.24313726,0.46470588
0.07254902,0.07254902,0.07254902,0.07254902,0.07254902,0.05882353,0.07254902,0.07254902,0.05490196,0.06568628,0.05882353,0.07254902,0.05882353,0.04117647,0.04117647,0.07254902
0.93333334,0.52254903,0.93333334,0.38627452,0.65882355,0.93333334,0.93333334,0.93333334,0.93333334,0.93333334,0.38627452,0.93333334,0.93333334,0.65882355,0.38627452,0.52254903
0.003921569,0.11960784,0.11960784,0.23529412,0.061764706,0.003921569,0.23529412,0.003921569,0.003921569,0.11960784,0.061764706,0.003921569,0.003921569,0.23529412,0.23529412,0.061764706
0.12156863,0.49607843,0.12156863,0.12156863,0.30980393,0.40294117,0.12156863,0.12156863,0.12156863,0.30980393,0.12156863,0.12156863,0.12156863,0.30980393,0.12156863,0.12156863
0.08039216,0.08039216,0.19803922,0.19803922,0.19803922,0.08039216,0.10980392,0.08039216,0.08039216,0.10980392,0.08039216,0.08039216,0.08039216,0.1392157,0.08039216,0.19803922
0.050980393,0.050980393,0.050980393,0.050980393,0.050980393,0.050980393,0.050980393,0.050980393,0.050980393,0.050980393,0.050980393,0.050980393,0.050980393,0.050980393,0.050980393,0.050980393
0.07450981,0.07450981,0.50784314,0.07450981,0.50980395,0.50784314,0.29215688,0.07450981,0.29117647,0.07450981,0.07450981,0.07450981,0.07450981,0.07450981,0.07450981,0.07450981
0.92941177,0.87058824,0.9882353,0.9588235,0.9882353,0.9882353,0.9882353,0.9882353,0.9882353,0.9588235,0.9882353,0.9882353,0.92941177,0.9882353,0.9882353,0.87058824
0.03529412,0.8352941,0.43529412,0.8352941,0.43529412,0.63529414,0.03529412,0.03529412,0.63529414,0.03529412,0.03529412,0.03529412,0.03529412,0.8352941,0.43529412,0.43529412
0.36862746,0.52156866,0.2127451,0.36666667,0.05882353,0.6764706,0.05882353,0.05882353,0.2127451,0.36666667,0.05882353,0.05882353,0.05882353,0.36862746,0.05882353,0.05882353
0.42352942,0.09019608,0.09019608,0.09019608,0.25686276,0.42352942,0.09019608,0.09019608,0.09019608,0.09019608,0.09019608,0.09019608,0.09019608,0.42352942,0.42352942,0.09019608
0.10980392,0.10980392,0.10980392,0.10980392,0.13431373,0.10980392,0.10980392,0.10980392,0.13431373,0.18529412,0.10980392,0.10980392,0.10980392,0.20980392,0.10980392,0.18529412
0.11764706,0.11764706,0.2735294,0.11764706,0.2735294,0.11764706,0.11764706,0.11764706,0.22156863,0.3254902,0.11764706,0.11764706,0.11764706,0.11764706,0.11764706,0.11764706
0.7411765,0.40392157,0.06666667,0.06666667,0.06666667,0.06666667,0.06666667,0.06666667,0.06666667,0.57254905,0.06666667,0.06666667,0.06666667,0.57254905,0.7411765,0.40392157
0.09019608,0.09019608,0.09019608,0.09019608,0.09019608,0.07647059,0.07647059,0.08431373,0.08039216,0.07647059,0.08235294,0.07647059,0.09019608,0.07941177,0.07647059,0.09019608
0.43137255,0.08627451,0.25882354,0.08627451,0.43137255,0.08627451,0.08627451,0.08627451,0.25882354,0.08627451,0.08627451,0.08627451,0.08627451,0.25882354,0.08627451,0.08627451
0.11764706,0.11764706,0.07058824,0.11764706,0.11764706,0.07058824,0.11764706,0.11764706,0.11764706,0.07058824,0.07058824,0.11764706,0.11764706,0.07058824,0.07058824,0.11764706
0.1764706,0.1764706,0.1764706,0.1764706,0.1764706,0.30784315,0.1764706,0.1764706,0.5715686,0.1764706,0.1764706,0.1764706,0.1764706,0.44117647,0.1764706,0.1764706
0.23333333,0.29411766,0.29411766,0.17254902,0.17254902,0.23333333,0.17254902,0.17254902,0.23333333,0.23333333,0.17254902,0.17254902,0.29411766,0.29411766,0.23333333,0.17254902
0.07450981,0.07450981,0.24901961,0.07450981,0.07450981,0.07450981,0.3362745,0.07450981,0.07450981,0.07450981,0.07450981,0.42352942,0.07450981,0.24901961,0.07450981,0.07450981
0.05490196,0.05490196,0.05490196,0.05490196,0.19607843,0.05490196,0.05490196,0.05490196,0.05490196,0.61960787,0.05490196,0.05490196,0.05490196,0.05490196,0.61960787,0.05490196
0.18431373,0.48431373,0.18431373,0.18431373,0.18431373,0.48431373,0.58431375,0.18431373,0.18431373,0.18431373,0.58431375,0.18431373,0.18431373,0.58431375,0.48431373,0.18431373
0.13333334,0.13333334,0.13333334,0.13333334,0.30392158,0.4745098,0.13333334,0.13333334,0.13333334,0.13333334,0.13333334,0.13333334,0.13333334,0.13333334,0.13333334,0.64411765
0.1509804,0.02745098,0.02745098,0.02745098,0.02745098,0.02745098,0.02745098,0.02745098,0.02745098,0.19215687,0.10980392,0.02745098,0.02745098,0.02745098,0.02745098,0.10980392
0.93333334,0.93333334,0.6333333,0.8333333,0.93333334,0.73333335,0.93333334,0.93333334,0.93333334,0.93333334,0.73333335,0.93333334,0.93333334,0.93333334,0.6333333,0.93333334
0.12941177,0.327451,0.72156864,0.32647058,0.12941177,0.12941177,0.5245098,0.12941177,0.12941177,0.9196078,0.327451,0.12941177,0.12941177,0.12941177,0.9196078,0.12941177
0.03529412,0.03529412,0.03529412,0.03529412,0.03529412,0.03529412,0.064705886,0.03529412,0.03529412,0.064705886,0.03529412,0.03529412,0.03529412,0.09411765,0.15294118,0.15294118
0.8745098,0.8745098,0.8745098,0.8745098,0.8745098,0.8745098,0.8745098,0.8745098,0.8745098,0.8745098,0.8745098,0.8745098,0.8745098,0.8745098,0.8745098,0.59411764
0.019607844,0.019607844,0.019607844,0.019607844,0.05490196,0.019607844,0.019607844,0.019607844,0.019607844,0.019607844,0.019607844,0.019607844,0.019607844,0.019607844,0.019607844,0.019607844
0.043137256,0.7019608,0.043137256,0.043137256,0.7019608,0.043137256,0.043137256,0.043137256,0.37254903,0.5372549,0.043137256,0.20784314,0.043137256,0.37254903,0.043137256,0.043137256
0.08235294,0.21372549,0.21372549,0.08235294,0.34509805,0.21372549,0.34509805,0.08235294,0.08235294,0.08235294,0.08235294,0.08235294,0.08235294,0.08235294,0.34509805,0.08235294
0.068627454,0.0754902,0.05490196,0.05490196,0.068627454,0.068627454,0.05490196,0.05490196,0.05490196,0.08235294,0.05490196,0.05490196,0.05490196,0.068627454,0.068627454,0.05490196
0.30784315,0.24901961,0.30784315,0.28039217,0.24901961,0.2764706,0.24901961,0.30784315,0.30784315,0.24901961,0.30784315,0.30784315,0.30784315,0.2784314,0.28039217,0.29411766
0.101960786,0.101960786,0.101960786,0.101960786,0.101960786,0.101960786,0.101960786,0.101960786,0.101960786,0.101960786,0.101960786,0.101960786,0.101960786,0.101960786,0.101960786,0.101960786
0.047058824,0.7176471,0.49411765,0.047058824,0.7176471,0.9411765,0.27058825,0.047058824,0.047058824,0.047058824,0.7176471,0.047058824,0.047058824,0.047058824,0.27058825,0.047058824
0.09411765,0.09411765,0.89411765,0.09411765,0.09411765,0.09411765,0.69411767,0.09411765,0.09411765,0.49411765,0.29411766,0.09411765,0.09411765,0.09411765,0.09411765,0.09411765
0.050980393,0.050980393,0.050980393,0.050980393,0.38431373,0.7176471,0.050980393,0.5509804,0.050980393,0.38431373,0.050980393,0.050980393,0.050980393,0.050980393,0.050980393,0.050980393
0.15294118,0.15294118,0.15294118,0.15294118,0.3254902,0.15294118,0.15294118,0.15294118,0.15294118,0.4117647,0.15294118,0.15294118,0.3254902,0.49803922,0.15294118,0.3254902
0.2509804,0.5529412,0.2509804,0.2509804,0.85490197,0.2509804,0.5529412,0.2509804,0.70392156,0.85490197,0.2509804,0.2509804,0.5529412,0.85490197,0.5529412,0.5529412
0.2627451,0.42745098,0.5921569,0.5921569,0.2627451,0.2627451,0.2627451,0.2627451,0.92156863,0.92156863,0.42745098,0.2627451,0.2627451,0.5921569,0.75686276,0.2627451
0.13725491,0.59411764,0.59411764,0.13725491,0.13725491,0.59411764,0.13725491,0.13725491,0.13725491,0.36666667,0.36666667,0.13725491,0.13725491,0.59411764,0.59411764,0.47941175
0.9470588,0.70980394,0.9470588,0.47058824,0.9470588,0.70980394,0.9470588,0.9470588,0.9470588,0.47058824,0.9470588,0.9470588,0.9470588,0.70980394,0.827451,0.47058824
0.11764706,0.11764706,0.11764706,0.11764706,0.11764706,0.11764706,0.11764706,0.11764706,0.11764706,0.11764706,0.11764706,0.11764706,0.11764706,0.11764706,0.11764706,0.11764706
0.9529412,0.9529412,0.9529412,0.7764706,0.9529412,0.86470586,0.7764706,0.9529412,0.6,0.6,0.6,0.9529412,0.7764706,0.9529412,0.9529412,0.7764706
0.11372549,0.40784314,0.26078433,0.11372549,0.11372549,0.33431372,0.11372549,0.1872549,0.11372549,0.33431372,0.11372549,0.11372549,0.11372549,0.11372549,0.11372549,0.11372549
0.105882354,0.105882354,0.105882354,0.105882354,0.105882354,0.105882354,0.105882354,0.105882354,0.105882354,0.105882354,0.105882354,0.105882354,0.105882354,0.105882354,0.105882354,0.105882354
0.17254902,0.21372549,0.09019608,0.09019608,0.09019608,0.17254902,0.09019608,0.09019608,0.09019608,0.25490198,0.17254902,0.09019608,0.09019608,0.21372549,0.17254902,0.09019608
0.10980392,0.30980393,0.3764706,0.24313726,0.10980392,0.30980393,0.10980392,0.10980392,0.3764706,0.30980393,0.10980392,0.10980392,0.10980392,0.10980392,0.24313726,0.10980392
0.6843137,0.4392157,0.92941177,0.92941177,0.92941177,0.92941177,0.92941177,0.92941177,0.92941177,0.5617647,0.6843137,0.92941177,0.92941177,0.6843137,0.92941177,0.92941177
0.02745098,0.02745098,0.02745098,0.02745098,0.5137255,0.02745098,0.02745098,0.02745098,0.02745098,0.02745098,0.02745098,0.02745098,0.02745098,0.02745098,0.02745098,1
0.047058824,0.047058824,0.047058824,0.047058824,0.047058824,0.4882353,0.26764706,0.047058824,0.047058824,0.92941177,0.4882353,0.047058824,0.047058824,0.4882353,0.4882353,0.047058824
0.17058824,0.11372549,0.11372549,0.11372549,0.11372549,0.11372549,0.11372549,0.11372549,0.11372549,0.11372549,0.11372549,0.11372549,0.34117648,0.11372549,0.11372549,0.11372549
0.85784316,0.90588236,0.90588236,0.90588236,0.8088235,0.90588236,0.90588236,0.90588236,0.90588236,0.90588236,0.7607843,0.90588236,0.90588236,0.90588236,0.75980395,0.90588236
0.043137256,0.043137256,0.043137256,0.043137256,0.043137256,0.043137256,0.043137256,0.043137256,0.043137256,0.043137256,0.043137256,0.043137256,0.043137256,0.043137256,0.043137256,0.043137256
0.27254903,0.38039216,0.38039216,0.16470589,0.38039216,0.16470589,0.27254903,0.27254903,0.16470589,0.27254903,0.16470589,0.16470589,0.16470589,0.27254903,0.27254903,0.16470589
0.972549,0.97843134,0.97843134,0.972549,0.972549,0.972549,0.972549,0.972549,0.972549,0.9754902,0.97843134,0.972549,0.972549,0.97843134,0.972549,0.972549
0.105882354,0.105882354,0.26960784,0.105882354,0.105882354,0.7607843,0.105882354,0.105882354,0.105882354,0.26960784,0.105882354,0.105882354,0.105882354,0.43333334,0.105882354,0.105882354
0.03529412,0.6901961,0.6901961,0.3627451,0.03529412,0.3627451,0.03529412,0.03529412,0.3627451,0.6901961,0.3627451,0.03529412,0.03529412,0.6901961,0.6901961,0.6901961
0.09019608,0.15686275,0.09019608,0.09019608,0.09019608,0.15686275,0.09019608,0.09019608,0.09019608,0.09019608,0.09019608,0.09019608,0.09019608,0.09019608,0.09019608,0.09019608
0.9254902,0.49019608,0.9254902,0.05490196,0.27254903,0.27254903,0.05490196,0.05490196,0.27254903,0.9254902,0.05490196,0.05490196,0.05490196,0.7078431,0.05490196,0.05490196
0.18431373,0.18431373,0.37843138,0.37843138,0.37843138,0.37843138,0.57254905,0.18431373,0.18431373,0.47549018,0.37843138,0.18431373,0.18431373,0.18431373,0.18431373,0.18431373
0.02745098,0.02745098,0.02745098,0.02745098,0.02745098,0.02745098,0.02745098,0.02745098,0.02745098,0.02745098,0.02745098,0.02745098,0.02745098,0.02745098,0.02745098,0.02745098
0.12941177,0.3,0.3,0.12941177,0.12941177,0.12941177,0.12941177,0.12941177,0.12941177,0.3852941,0.12941177,0.12941177,0.12941177,0.12941177,0.3,0.12941177
0.9588235,0.9745098,0.9745098,0.9705882,0.9627451,0.9627451,0.9705882,0.9588235,0.9705882,0.96666664,0.9627451,0.9588235,0.9588235,0.9745098,0.9588235,0.9588235
0.21568628,0.21568628,0.37843138,0.21568628,0.29705882,0.37843138,0.21568628,0.21568628,0.21568628,0.4598039,0.29705882,0.21568628,0.37843138,0.21568628,0.21568628,0.21568628
0.9411765,0.92745095,0.972549,0.9117647,0.9431372,0.9431372,0.972549,0.972549,0.9431372,0.972549,0.92745095,0.972549,0.972549,0.9117647,0.95686275,0.9431372
0.14117648,0.14117648,0.24705882,0.14117648,0.14117648,0.14117648,0.14117648,0.14117648,0.14117648,0.3529412,0.14117648,0.14117648,0.14117648,0.14117648,0.14117648,0.14117648
0.15294118,0.17843138,0.25490198,0.15294118,0.22941177,0.20392157,0.20392157,0.15294118,0.15294118,0.22941177,0.17843138,0.15294118,0.20392157,0.22941177,0.15294118,0.15294118
0.1254902,0.1254902,0.34901962,0.1254902,0.3509804,0.34901962,0.1254902,0.1254902,0.5745098,0.4627451,0.5745098,0.1254902,0.1254902,0.1254902,0.1254902,0.1254902
0.13725491,0.18333334,0.32156864,0.2754902,0.22941177,0.13725491,0.13725491,0.13725491,0.13725491,0.22941177,0.13725491,0.22941177,0.13725491,0.18333334,0.13725491,0.13725491
0.29411766,0.5627451,0.29411766,0.29411766,0.29411766,0.29411766,0.29411766,0.29411766,0.29411766,0.29411766,0.29411766,0.29411766,0.29411766,0.29411766,0.29411766,0.29411766
0.037254903,0.037254903,0.0627451,0.0627451,0.04411765,0.0627451,0.037254903,0.037254903,0.037254903,0.0627451,0.037254903,0.037254903,0.037254903,0.037254903,0.050980393,0.0627451
0.009803922,0.9254902,0.009803922,0.9254902,0.23921569,0.9254902,0.009803922,0.009803922,0.009803922,0.9254902,0.9254902,0.46862745,0.009803922,0.9254902,0.9254902,0.9254902
0.92941177,0.3529412,0.3529412,0.92941177,0.64117646,0.64117646,0.64117646,0.64117646,0.64117646,0.92941177,0.64117646,0.92941177,0.92941177,0.3529412,0.3529412,0.92941177
0.39803922,0.078431375,0.39803922,0.078431375,0.078431375,0.078431375,0.078431375,0.078431375,0.23921569,0.078431375,0.078431375,0.078431375,0.23921569,0.078431375,0.15784314,0.078431375
0.009803922,0.009803922,0.5019608,0.009803922,0.5019608,0.5019608,0.009803922,0.009803922,0.009803922,0.99607843,0.009803922,0.009803922,0.009803922,0.009803922,0.009803922,0.009803922
0.18431373,0.16470589,0.16470589,0.18431373,0.16960785,0.17941177,0.17450981,0.18431373,0.18431373,0.18431373,0.16470589,0.18431373,0.18431373,0.18431373,0.18431373,0.16960785
0.10392157,0.078431375,0.15588236,0.078431375,0.18235295,0.078431375,0.12941177,0.078431375,0.12941177,0.12941177,0.12941177,0.078431375,0.078431375,0.078431375,0.078431375,0.078431375
0.13333334,0.13333334,0.13333334,0.13333334,0.13333334,0.13333334,0.13333334,0.13333334,0.13333334,0.13333334,0.13333334,0.13333334,0.13333334,0.13333334,0.13333334,0.13333334
0.84705883,0.7,0.84705883,0.84705883,0.84705883,0.627451,0.84705883,0.84705883,0.84705883,0.84705883,0.55490196,0.84705883,0.84705883,0.70098037,0.7019608,0.84705883
0.19215687,0.9254902,0.9254902,0.19215687,0.19215687,0.5588235,0.19215687,0.19215687,0.74215686,0.9254902,0.19215687,0.19215687,0.19215687,0.5588235,0.74215686,0.19215687
0.9352941,0.9676471,0.9352941,1,0.87058824,0.9352941,1,0.9676471,1,1,1,1,1,0.9352941,0.90294117,1
0.06666667,0.54509807,0.4254902,0.4254902,0.30588236,0.30588236,0.06666667,0.06666667,0.06666667,0.18627451,0.06666667,0.06666667,0.06666667,0.30588236,0.54509807,0.54509807
0.30980393,0.101960786,0.17058824,0.30980393,0.30980393,0.10294118,0.17058824,0.30980393,0.033333335,0.17254902,0.101960786,0.30980393,0.30980393,0.033333335,0.10294118,0.033333335
0.05882353,0.18921569,0.14509805,0.05882353,0.05882353,0.05882353,0.05882353,0.05882353,0.05882353,0.101960786,0.05882353,0.05882353,0.05882353,0.05882353,0.05882353,0.05882353
0.02745098,0.02745098,0.02745098,0.02745098,0.046078432,0.08137255,0.064705886,0.02745098,0.0627451,0.1,0.08235294,0.02745098,0.02745098,0.02745098,0.02745098,0.0627451
0.13333334,0.3480392,0.20490196,0.41960785,0.3480392,0.13333334,0.13333334,0.13333334,0.13333334,0.13333334,0.13333334,0.13333334,0.13333334,0.3480392,0.13333334,0.13333334
0.07058824,0.07058824,0.07058824,0.07058824,0.07058824,0.07058824,0.49411765,0.07058824,0.49411765,0.49411765,0.28235295,0.07058824,0.28235295,0.07058824,0.7058824,0.07058824
0.17254902,0.44313726,0.44313726,0.17254902,0.17254902,0.7137255,0.17254902,0.17254902,0.17254902,0.44313726,0.7137255,0.17254902,0.17254902,0.7137255,0.17254902,0.17254902
0.28431374,0.53039217,0.16078432,0.65294117,0.40588236,0.16078432,0.40588236,0.16078432,0.40588236,0.40588236,0.16078432,0.16078432,0.16078432,0.5294118,0.16078432,0.28333333
0.05882353,0.05882353,0.05882353,0.05882353,0.12156863,0.15294118,0.05882353,0.12156863,0.05882353,0.12156863,0.05882353,0.05882353,0.05882353,0.05882353,0.05882353,0.05882353
0.21176471,0.9235294,0.21176471,0.56666666,0.74607843,0.5686275,0.21176471,0.21176471,0.74607843,0.38921568,0.21176471,0.21176471,0.21176471,0.39019608,0.21176471,0.21176471
0.047058824,0.047058824,0.047058824,0.0627451,0.047058824,0.08039216,0.047058824,0.047058824,0.047058824,0.047058824,0.047058824,0.047058824,0.047058824,0.064705886,0.08039216,0.047058824
0.93921566,0.5529412,0.93921566,0.93921566,0.7470588,0.93921566,0.7470588,0.74509805,0.7470588,0.7470588,0.5529412,0.93921566,0.93921566,0.93921566,0.5529412,0.93921566
0.26666668,0.14901961,0.26666668,0.26666668,0.14901961,0.20784314,0.14901961,0.14901961,0.14901961,0.17843138,0.14901961,0.14901961,0.14901961,0.14901961,0.14901961,0.14901961
0.1392157,0.22352941,0.16764706,0.1392157,0.19411765,0.2509804,0.1392157,0.1392157,0.2509804,0.19411765,0.2509804,0.22352941,0.1392157,0.1392157,0.1392157,0.1392157
0.10980392,0.3,0.10980392,0.10980392,0.10980392,0.3,0.10980392,0.15686275,0.10980392,0.2529412,0.25196078,0.10980392,0.10980392,0.3,0.3,0.10980392
0.3647059,0.31764707,0.34117648,0.34117648,0.31764707,0.34117648,0.31764707,0.3647059,0.32941177,0.3647059,0.31764707,0.3647059,0.3647059,0.31764707,0.34117648,0.34117648
0.10392157,0.18333334,0.26078433,0.26078433,0.10392157,0.26078433,0.10392157,0.10392157,0.10392157,0.26078433,0.10392157,0.10392157,0.18235295,0.34019607,0.10392157,0.41960785
0.03137255,0.03137255,0.5686275,0.3,0.03137255,0.3,0.03137255,0.03137255,0.3,0.4343137,0.03137255,0.03137255,0.03137255,0.5686275,0.03137255,0.03137255
0.9352941,0.42745098,0.68039215,0.9352941,0.42745098,0.8088235,0.9352941,0.9352941,0.9352941,0.68039215,0.68235296,0.9352941,0.9352941,0.42745098,0.42745098,0.42745098
0.20784314,0.5862745,0.7754902,0.20784314,0.20784314,0.7754902,0.20784314,0.20784314,0.9647059,0.20784314,0.3970588,0.20784314,0.20784314,0.9647059,0.5862745,0.20784314
0.96666664,0.8,0.6372549,0.96666664,0.8,0.96666664,0.8039216,0.96666664,0.96666664,0.8833333,0.96666664,0.96666664,0.96666664,0.6372549,0.96666664,0.8
0.16078432,0.34117648,0.16078432,0.16078432,0.16078432,0.34117648,0.16078432,0.16078432,0.43039215,0.25,0.16078432,0.16078432,0.2509804,0.16078432,0.51960784,0.16078432
0.9372549,0.9372549,0.9372549,0.9372549,0.6019608,0.7137255,0.9372549,0.9372549,0.9372549,0.8254902,0.7137255,0.9372549,0.9372549,0.9372549,0.9372549,0.9372549
0.22745098,0.22745098,0.22745098,0.51960784,0.22745098,0.22745098,0.22745098,0.51960784,0.22745098,0.22745098,0.22745098,0.22745098,0.22745098,0.8117647,0.51960784,0.51960784
0.05882353,0.05882353,0.5323529,0.05882353,0.05882353,0.05882353,0.05882353,0.05882353,0.05882353,0.05882353,0.05882353,0.05882353,0.05882353,0.21666667,0.05882353,0.5323529
0.9843137,0.05882353,0.52156866,0.05882353,0.05882353,0.05882353,0.05882353,0.05882353,0.52156866,0.05882353,0.05882353,0.05882353,0.9843137,0.05882353,0.05882353,0.7529412
0.8627451,0.8627451,0.48431373,0.105882354,0.6735294,0.6735294,0.48431373,0.6735294,0.105882354,0.8627451,0.48431373,0.8627451,0.8627451,0.29509804,0.48431373,0.8627451
0.043137256,0.45294118,0.043137256,0.043137256,0.043137256,0.24803922,0.043137256,0.043137256,0.043137256,0.043137256,0.8627451,0.043137256,0.043137256,0.043137256,0.043137256,0.8627451
0.047058824,0.09411765,0.05882353,0.047058824,0.05882353,0.047058824,0.047058824,0.047058824,0.047058824,0.05882353,0.047058824,0.047058824,0.047058824,0.07058824,0.05882353,0.07058824
0.14117648,0.21764706,0.14117648,0.14117648,0.17843138,0.14117648,0.15980393,0.14117648,0.15980393,0.19803922,0.14117648,0.18039216,0.15980393,0.14117648,0.16078432,0.14117648
0.22745098,0.22745098,0.19215687,0.22745098,0.29803923,0.15686275,0.29803923,0.15686275,0.19215687,0.29803923,0.22745098,0.15686275,0.15686275,0.2627451,0.2627451,0.22745098
0.31764707,0.4745098,0.31764707,0.31764707,0.31764707,0.55490196,0.31764707,0.31764707,0.6333333,0.4745098,0.4745098,0.31764707,0.31764707,0.6333333,0.31764707,0.31764707
0.13725491,0.3392157,0.3392157,0.13725491,0.13725491,0.13725491,0.44117647,0.34117648,0.54313725,0.2382353,0.54313725,0.13725491,0.13725491,0.13725491,0.54313725,0.13725491
0.14313726,0.14313726,0.14313726,0.14313726,0.29411766,0.14313726,0.14313726,0.14313726,0.14313726,0.14313726,0.14313726,0.14313726,0.14313726,0.29215688,0.29215688,0.29411766
0.48431373,0.34901962,0.41568628,0.48431373,0.41568628,0.48431373,0.41568628,0.48431373,0.34901962,0.41568628,0.34901962,0.48431373,0.48431373,0.34901962,0.41568628,0.48431373
0.23921569,0.23921569,0.2529412,0.23921569,0.2647059,0.23921569,0.23921569,0.23921569,0.25882354,0.25784314,0.23921569,0.23921569,0.23921569,0.2529412,0.23921569,0.23921569
0.14509805,0.4392157,0.5372549,0.14509805,0.34117648,0.34117648,0.14509805,0.14509805,0.14509805,0.14509805,0.14509805,0.14509805,0.14509805,0.14509805,0.14509805,0.14509805
0.11764706,0.327451,0.11764706,0.11764706,0.327451,0.32941177,0.11764706,0.11764706,0.32941177,0.32941177,0.11764706,0.11764706,0.11764706,0.11764706,0.327451,0.327451
0.10980392,0.20686275,0.40098038,0.10980392,0.49803922,0.10980392,0.30392158,0.10980392,0.49803922,0.49803922,0.49803922,0.10980392,0.10980392,0.40098038,0.30392158,0.10980392
0.14901961,0.37254903,0.59607846,0.48431373,0.59607846,0.37254903,0.14901961,0.26078433,0.14901961,0.59607846,0.14901961,0.59607846,0.14901961,0.14901961,0.59607846,0.37254903
0.019607844,0.41960785,0.21960784,0.41960785,0.61960787,0.41960785,0.41960785,0.019607844,0.019607844,0.41960785,0.61960787,0.019607844,0.019607844,0.21960784,0.41960785,0.21960784
0.9254902,0.6431373,0.78431374,0.9254902,0.5019608,0.9254902,0.9254902,0.9254902,0.6431373,0.9254902,0.9254902,0.9254902,0.9254902,0.36078432,0.9254902,0.9254902
0.7882353,0.6764706,0.7882353,0.7882353,0.7323529,0.7882353,0.7882353,0.7882353,0.7323529,0.5647059,0.7882353,0.7882353,0.7882353,0.5647059,0.6764706,0.7882353
0.99607843,0.99607843,0.99607843,0.99607843,0.99607843,0.99607843,0.99607843,0.99607843,0.99607843,0.99607843,0.99607843,0.99607843,0.99607843,0.99607843,0.99607843,0.99607843
0.8980392,0.34117648,0.34117648,0.8980392,0.8980392,0.8980392,0.8980392,0.8980392,0.61960787,0.61960787,0.8980392,0.8980392,0.8980392,0.61960787,0.48039216,0.8980392
0.6901961,0.9607843,0.9607843,0.6901961,0.6901961,0.8254902,0.9607843,0.6901961,0.9607843,0.8931373,0.6901961,0.6901961,0.6901961,0.6901961,0.6901961,0.6901961
0.44313726,0.6784314,0.44313726,0.44313726,0.44313726,0.56078434,0.44313726,0.44313726,0.6784314,0.6784314,0.6784314,0.44313726,0.44313726,0.44313726,0.9137255,0.44313726
0.84705883,0.84705883,0.84705883,0.84705883,0.84705883,0.84705883,0.84705883,0.84705883,0.84705883,0.84705883,0.84705883,0.84705883,0.84705883,0.84705883,0.84705883,0.84705883
0.007843138,0.007843138,0.007843138,0.007843138,0.007843138,0.007843138,0.007843138,0.007843138,0.007843138,0.007843138,0.007843138,0.007843138,0.007843138,0.007843138,0.007843138,0.007843138
0.16078432,0.29705882,0.29705882,0.16078432,0.29705882,0.16078432,0.16078432,0.43333334,0.43333334,0.29705882,0.16078432,0.16078432,0.16078432,0.29705882,0.16078432,0.16078432
0.95686275,0.73333335,0.28627452,0.95686275,0.73333335,0.73333335,0.28627452,0.50980395,0.50980395,0.50980395,0.95686275,0.95686275,0.95686275,0.95686275,0.0627451,0.95686275
0.26862746,0.26862746,0.26862746,0.26862746,0.26862746,0.26862746,0.26862746,0.26862746,0.26862746,0.26862746,0.26862746,0.26862746,0.26862746,0.26862746,0.26862746,0.26862746
0.8039216,0.81960785,0.81960785,0.8039216,0.8039216,0.8039216,0.8039216,0.8039216,0.8039216,0.81960785,0.8039216,0.8039216,0.8039216,0.8352941,0.8039216,0.8039216
0.78431374,0.78431374,0.36862746,0.78431374,0.47254902,0.78431374,0.78431374,0.78431374,0.5764706,0.78431374,0.78431374,0.78431374,0.78431374,0.36862746,0.78431374,0.78431374
0.7647059,0.49019608,0.627451,0.7647059,0.7647059,0.49019608,0.627451,0.7647059,0.49019608,0.6960784,0.7647059,0.7647059,0.7647059,0.49019608,0.627451,0.7647059
0.52156866,0.37058824,0.52156866,0.52156866,0.21960784,0.52156866,0.29509804,0.52156866,0.44607842,0.44607842,0.52156866,0.52156866,0.52156866,0.21960784,0.52156866,0.52156866
0.8980392,0.51960784,0.33039215,0.8980392,0.51960784,0.14117648,0.51960784,0.8980392,0.8980392,0.33039215,0.8980392,0.8980392,0.8980392,0.33039215,0.8980392,0.8980392
0.9078431,0.8088235,0.50980395,0.9078431,0.50980395,0.70980394,0.9078431,0.9078431,0.50980395,0.60882354,0.9078431,0.9078431,0.9078431,0.9078431,0.9078431,0.9078431
0.7529412,0.68235296,0.64705884,0.7529412,0.68235296,0.7529412,0.7529412,0.7529412,0.7176471,0.68235296,0.68235296,0.7529412,0.7529412,0.7529412,0.7529412,0.7529412
0.02745098,0.23627451,0.02745098,0.02745098,0.02745098,0.65392154,0.02745098,0.02745098,0.23627451,0.44509804,0.02745098,0.02745098,0.02745098,0.44509804,0.44509804,0.02745098
0.4117647,0.56078434,0.70980394,0.4117647,0.4117647,0.56078434,0.4862745,0.4117647,0.70980394,0.56078434,0.4117647,0.4117647,0.4117647,0.70980394,0.63529414,0.4117647
0.60784316,0.62352943,0.62352943,0.60784316,0.60784316,0.6392157,0.60784316,0.60784316,0.60784316,0.6392157,0.6392157,0.60784316,0.60784316,0.6392157,0.62352943,0.60784316
0.9647059,0.40784314,0.9647059,0.9647059,0.40784314,0.9647059,0.9647059,0.9647059,0.9647059,0.40784314,0.9647059,0.9647059,0.9647059,0.40784314,0.9647059,0.9647059
0.8980392,0.8980392,0.27745098,0.8980392,0.8980392,0.48431373,0.48431373,0.8980392,0.8980392,0.07058824,0.48431373,0.8980392,0.8980392,0.6911765,0.8980392,0.8980392
0.85882354,0.35882354,0.35882354,0.85882354,0.85882354,0.7343137,0.6098039,0.85882354,0.85882354,0.85882354,0.35882354,0.85882354,0.85882354,0.60784316,0.35882354,0.85882354
0.80196077,0.80196077,0.75,0.80196077,0.80196077,0.64509803,0.80196077,0.80196077,0.80196077,0.64411765,0.6960784,0.80196077,0.80196077,0.5921569,0.69803923,0.80196077
0.88235295,0.09019608,0.88235295,0.88235295,0.88235295,0.6843137,0.88235295,0.88235295,0.88235295,0.2882353,0.88235295,0.88235295,0.88235295,0.09019608,0.6843137,0.88235295
0.7647059,0.5509804,0.5509804,0.7647059,0.5509804,0.5509804,0.7647059,0.7647059,0.6039216,0.5509804,0.7647059,0.7647059,0.7647059,0.5509804,0.5509804,0.7647059
0.047058824,0.047058824,0.7235294,0.047058824,0.9490196,0.047058824,0.9490196,0.047058824,0.047058824,0.047058824,0.7235294,0.047058824,0.047058824,0.27254903,0.27254903,0.047058824
0.98039216,0.46862745,0.7235294,0.98039216,0.46862745,0.46862745,0.98039216,0.98039216,0.85294116,0.46862745,0.98039216,0.98039216,0.98039216,0.98039216,0.46862745,0.98039216
0.62352943,0.62352943,0.81960785,0.62352943,0.72156864,0.62352943,0.72156864,0.62352943,0.7705882,0.62352943,0.72156864,0.62352943,0.62352943,0.81960785,0.7705882,0.62352943
0.7058824,0.42156863,0.13725491,0.7058824,0.7058824,0.42156863,0.7058824,0.7058824,0.7058824,0.7058824,0.7058824,0.7058824,0.7058824,0.27941176,0.5637255,0.7058824
0.9019608,0.9019608,0.5980392,0.9019608,0.9019608,0.9019608,0.7490196,0.9019608,0.44411764,0.9019608,0.29215688,0.9019608,0.9019608,0.9019608,0.9019608,0.9019608
0.05882353,0.21960784,0.05882353,0.05882353,0.05882353,0.05882353,0.21960784,0.05882353,0.09901961,0.05882353,0.09901961,0.05882353,0.05882353,0.09901961,0.05882353,0.05882353
0.7647059,0.68235296,0.68235296,0.7647059,0.68333334,0.68333334,0.7647059,0.7647059,0.68235296,0.68333334,0.7647059,0.7647059,0.7647059,0.4372549,0.4372549,0.7647059
0.7254902,0.49019608,0.60784316,0.7254902,0.7254902,0.49019608,0.60784316,0.7254902,0.60784316,0.49019608,0.49019608,0.7254902,0.7254902,0.7254902,0.6666667,0.7254902
0.87058824,0.13725491,0.87058824,0.87058824,0.6872549,0.87058824,0.87058824,0.87058824,0.50392157,0.87058824,0.87058824,0.87058824,0.87058824,0.87058824,0.87058824,0.87058824
0.65882355,0.92941177,0.8617647,0.65882355,0.92941177,0.7941176,0.65882355,0.65882355,0.7941176,0.8617647,0.65882355,0.65882355,0.65882355,0.7941176,0.92941177,0.65882355
0.84313726,0.84313726,0.4627451,0.84313726,0.08431373,0.46470588,0.46470588,0.84313726,0.27450982,0.27450982,0.84313726,0.84313726,0.84313726,0.4627451,0.4627451,0.84313726
0.84705883,0.84705883,0.84705883,0.84705883,0.85,0.84705883,0.84705883,0.84705883,0.8490196,0.85,0.8480392,0.84705883,0.84705883,0.8490196,0.8509804,0.84705883
0.68235296,0.5617647,0.5617647,0.68235296,0.68235296,0.44117647,0.2,0.68235296,0.44117647,0.44117647,0.68235296,0.68235296,0.68235296,0.5617647,0.2,0.68235296
0.015686275,0.5,0.9862745,0.015686275,0.25784314,0.9862745,0.015686275,0.015686275,0.015686275,0.015686275,0.015686275,0.015686275,0.015686275,0.9862745,0.9862745,0.015686275
0.8627451,0.8401961,0.82941175,0.8627451,0.81764704,0.8392157,0.8627451,0.8627451,0.8627451,0.81764704,0.8627451,0.8627451,0.8627451,0.8627451,0.8627451,0.8627451
0.77254903,0.77254903,0.5411765,0.77254903,0.65686274,0.5411765,0.77254903,0.77254903,0.5411765,0.5990196,0.5411765,0.77254903,0.77254903,0.65686274,0.5411765,0.77254903
0.7254902,0.65882355,0.65882355,0.7254902,0.5921569,0.65882355,0.6254902,0.7254902,0.65882355,0.69215685,0.5921569,0.7254902,0.7254902,0.65882355,0.5921569,0.7254902
1,1,0.94215685,1,0.76666665,1,1,1,0.88235295,0.76666665,1,1,1,0.9411765,1,1
0.85490197,0.24411765,0.24411765,0.85490197,0.85490197,0.44705883,0.85490197,0.85490197,0.24411765,0.44705883,0.85490197,0.85490197,0.85490197,0.44705883,0.6509804,0.85490197
0.7235294,0.60490197,0.24705882,0.7235294,0.7235294,0.24705882,0.7235294,0.7235294,0.7235294,0.7235294,0.24705882,0.7235294,0.7235294,0.7235294,0.48431373,0.7235294
0.6117647,0.9823529,0.9823529,0.6117647,0.6117647,0.9823529,0.9823529,0.6117647,0.9823529,0.79607844,0.9823529,0.6117647,0.6117647,0.9823529,0.9823529,0.6117647
0.9607843,0.41960785,0.6901961,0.9607843,0.8254902,0.9607843,0.8254902,0.9607843,0.55490196,0.41960785,0.41960785,0.9607843,0.9607843,0.55490196,0.6901961,0.9607843
0.9411765,0.9411765,0.9411765,0.9411765,0.39215687,0.8039216,0.9411765,0.9411765,0.39215687,0.9411765,0.9411765,0.9411765,0.9411765,0.39215687,0.39215687,0.9411765
0.7019608,0.40098038,0.6009804,0.7019608,0.5,0.40098038,0.7019608,0.7019608,0.5,0.5,0.7019608,0.7019608,0.7019608,0.5019608,0.7019608,0.7019608
0.6784314,0.36372548,0.46862745,0.6784314,0.36372548,0.6784314,0.46862745,0.6784314,0.6784314,0.36372548,0.36372548,0.6784314,0.6784314,0.25882354,0.25882354,0.6784314
0.7490196,0.7490196,0.5754902,0.7490196,0.5754902,0.6333333,0.5176471,0.7490196,0.5754902,0.7490196,0.6911765,0.7490196,0.7490196,0.7490196,0.5176471,0.7490196
0.76862746,0.69215685,0.76862746,0.76862746,0.76862746,0.4627451,0.76862746,0.76862746,0.4627451,0.76862746,0.76862746,0.76862746,0.76862746,0.76862746,0.4627451,0.76862746
0.6627451,0.7882353,0.7254902,0.6627451,0.7882353,0.6627451,0.6627451,0.6627451,0.7882353,0.8509804,0.6627451,0.6627451,0.6627451,0.6627451,0.9137255,0.6627451
0.64705884,0.39019608,0.13333334,0.64705884,0.39019608,0.39019608,0.39019608,0.64705884,0.13333334,0.13333334,0.2617647,0.64705884,0.64705884,0.13333334,0.64705884,0.64705884
0.03529412,0.22352941,0.03529412,0.03529412,0.7882353,0.7882353,0.4117647,0.03529412,0.03529412,0.22352941,0.03529412,0.03529412,0.03529412,0.6,0.22352941,0.03529412
0.101960786,0.1627451,0.16470589,0.101960786,0.2254902,0.1627451,0.101960786,0.101960786,0.2254902,0.2254902,0.16470589,0.101960786,0.101960786,0.101960786,0.16470589,0.101960786
0.09411765,0.009803922,0.052941177,0.09411765,0.09411765,0.03137255,0.09411765,0.09411765,0.09411765,0.09411765,0.09411765,0.09411765,0.09411765,0.09411765,0.03137255,0.09411765
0.50980395,0.42352942,0.38039216,0.50980395,0.50980395,0.3372549,0.50980395,0.50980395,0.50980395,0.42352942,0.50980395,0.50980395,0.50980395,0.38039216,0.3372549,0.50980395
0.54901963,0.6745098,0.6745098,0.54901963,0.6745098,0.54901963,0.6117647,0.54901963,0.54901963,0.6745098,0.6431373,0.54901963,0.54901963,0.6117647,0.54901963,0.54901963
0.7647059,0.64509803,0.70490193,0.7647059,0.5254902,0.7647059,0.70490193,0.7647059,0.7647059,0.70490193,0.70490193,0.7647059,0.7647059,0.7647059,0.7647059,0.7647059
0.5568628,0.49803922,0.47843137,0.5568628,0.5176471,0.47843137,0.5568628,0.5568628,0.5568628,0.47843137,0.5568628,0.5568628,0.5568628,0.5568628,0.5176471,0.5568628
0.57843137,0.8235294,0.6392157,0.57843137,0.7,0.7019608,0.7627451,0.57843137,0.8235294,0.7627451,0.7,0.57843137,0.57843137,0.7617647,0.7,0.57843137
0.59411764,0.7588235,0.92156863,0.59411764,0.8401961,0.75686276,0.92156863,0.59411764,0.6764706,0.92156863,0.92156863,0.59411764,0.59411764,0.8392157,0.75784314,0.59411764
0.7294118,0.3254902,0.3254902,0.7294118,0.7294118,0.3254902,0.7294118,0.7294118,0.7294118,0.3254902,0.7294118,0.7294118,0.7294118,0.3254902,0.7294118,0.7294118
0.84705883,0.99607843,0.92156863,0.84705883,0.84705883,0.92156863,0.99607843,0.84705883,0.92156863,0.99607843,0.99607843,0.84705883,0.84705883,0.84705883,0.92156863,0.84705883
0.81960785,0.78431374,0.78431374,0.81960785,0.7509804,0.81960785,0.7509804,0.81960785,0.7509804,0.7509804,0.7509804,0.81960785,0.81960785,0.7509804,0.7509804,0.81960785
0.69803923,0.69803923,0.69803923,0.69803923,0.69803923,0.092156865,0.69803923,0.69803923,0.69803923,0.5470588,0.69803923,0.69803923,0.69803923,0.69803923,0.69803923,0.69803923
0.69411767,0.69411767,0.5029412,0.69411767,0.4392157,0.69411767,0.69411767,0.69411767,0.4392157,0.56666666,0.5029412,0.69411767,0.69411767,0.56666666,0.69411767,0.69411767
0.6666667,0.8490196,0.6666667,0.6666667,0.9098039,0.9098039,0.6666667,0.6666667,0.7882353,0.9098039,0.6666667,0.6666667,0.6666667,0.8490196,0.9098039,0.6666667
0.69803923,0.3392157,0.57843137,0.69803923,0.21960784,0.57843137,0.57843137,0.69803923,0.45882353,0.21960784,0.69803923,0.69803923,0.69803923,0.21960784,0.21960784,0.69803923
0.88235295,0.9647059,0.88235295,0.88235295,0.88235295,0.9647059,0.88235295,0.88235295,0.88235295,0.9647059,0.88235295,0.88235295,0.88235295,0.9647059,0.90294117,0.88235295
0.99607843,0.99607843,0.9941176,0.99607843,0.9941176,0.99019605,0.99215686,0.99607843,0.99019605,0.99215686,0.99019605,0.99607843,0.99607843,0.99019605,0.9941176,0.99607843
0.845098,0.95,0.9137255,0.845098,0.845098,0.9843137,0.9137255,0.845098,0.845098,0.88039213,0.9137255,0.845098,0.845098,0.9843137,0.845098,0.845098
0.654902,0.654902,0.654902,0.654902,0.7411765,0.7411765,0.654902,0.654902,0.654902,0.654902,0.7411765,0.654902,0.654902,0.827451,0.654902,0.654902
0.5647059,0.5117647,0.5117647,0.5647059,0.5647059,0.45882353,0.5647059,0.5647059,0.45882353,0.45882353,0.5647059,0.5647059,0.5647059,0.5647059,0.45882353,0.5647059
0.9254902,0.9254902,0.9254902,0.9254902,0.5421569,0.66862744,0.9254902,0.9254902,0.4137255,0.4137255,0.9254902,0.9254902,0.9254902,0.5421569,0.5421569,0.9254902
0.8666667,0.26960784,0.8666667,0.8666667,0.07058824,0.8666667,0.46862745,0.8666667,0.46862745,0.8666667,0.8666667,0.8666667,0.8666667,0.8666667,0.26960784,0.8666667
0.18039216,0.79509807,0.18039216,0.18039216,0.5901961,0.18039216,1,0.18039216,0.79509807,0.3852941,0.79509807,0.18039216,0.18039216,0.79509807,1,0.18039216
0.8784314,0.29411766,0.5862745,0.8784314,0.5862745,0.29411766,0.5862745,0.8784314,0.29411766,0.8784314,0.8784314,0.8784314,0.8784314,0.44019607,0.44019607,0.8784314
0.019607844,0.16470589,0.092156865,0.019607844,0.019607844,0.16470589,0.092156865,0.019607844,0.16470589,0.019607844,0.019607844,0.019607844,0.019607844,0.092156865,0.16470589,0.019607844
0.5568628,0.5568628,0.5568628,0.5568628,0.5382353,0.5372549,0.5568628,0.5568628,0.5568628,0.53137255,0.54313725,0.5568628,0.5568628,0.54509807,0.54509807,0.5568628
0.92941177,0.92941177,0.26666668,0.92941177,0.5980392,0.5980392,0.26666668,0.92941177,0.43235293,0.5980392,0.5980392,0.92941177,0.92941177,0.26666668,0.92941177,0.92941177
0.07058824,0.10392157,0.10392157,0.07058824,0.10392157,0.07058824,0.20392157,0.07058824,0.13725491,0.07058824,0.13725491,0.07058824,0.07058824,0.20392157,0.07058824,0.07058824
0.9019608,0.13137256,0.9019608,0.9019608,0.9019608,0.5156863,0.9019608,0.9019608,0.13137256,0.5176471,0.9019608,0.9019608,0.9019608,0.9019608,0.32352942,0.9019608
0.13333334,0.6764706,0.6764706,0.13333334,0.6764706,0.6764706,0.13333334,0.13333334,0.5411765,0.13333334,0.6764706,0.13333334,0.13333334,0.13333334,0.40490195,0.13333334
0.8235294,0.827451,0.8235294,0.8235294,0.8254902,0.8235294,0.8235294,0.8235294,0.83137256,0.827451,0.8235294,0.8235294,0.8235294,0.83137256,0.8235294,0.8235294
0.61764705,0.61764705,0.77254903,0.61764705,0.6960784,0.6960784,0.61764705,0.61764705,0.6960784,0.73333335,0.6960784,0.61764705,0.61764705,0.77254903,0.61764705,0.61764705
0.8117647,0.8784314,0.8617647,0.8117647,0.845098,0.8117647,0.8617647,0.8117647,0.845098,0.8784314,0.8117647,0.8117647,0.8117647,0.8784314,0.82843137,0.8117647
0.7137255,0.23921569,0.4764706,0.7137255,0.23921569,0.4764706,0.35784313,0.7137255,0.23921569,0.595098,0.23921569,0.7137255,0.7137255,0.23921569,0.23921569,0.7137255
0.78431374,0.7235294,0.7235294,0.78431374,0.6627451,0.78431374,0.7235294,0.78431374,0.78431374,0.6931372,0.78431374,0.78431374,0.78431374,0.7235294,0.7235294,0.78431374
0.8117647,0.84705883,0.8117647,0.8117647,0.8117647,0.84705883,0.8117647,0.8117647,0.8117647,0.8382353,0.8117647,0.8117647,0.8117647,0.84705883,0.82058823,0.8117647
0.8,0.9529412,0.8,0.8,0.8,0.87647057,0.8,0.8,0.8,0.87647057,0.9529412,0.8,0.8,0.87647057,0.9529412,0.8
0.7,0.28627452,0.7,0.7,0.4254902,0.2872549,0.7,0.7,0.7,0.7,0.7,0.7,0.7,0.28627452,0.14901961,0.7
0.8,0.81078434,0.8215686,0.8,0.84313726,0.8,0.8215686,0.8,0.81078434,0.8,0.8215686,0.8,0.8,0.8215686,0.83235294,0.8
0.5294118,0.22745098,0.22745098,0.5294118,0.22745098,0.37843138,0.5294118,0.5294118,0.22745098,0.37843138,0.5294118,0.5294118,0.5294118,0.37843138,0.5294118,0.5294118
0.043137256,0.70980394,0.043137256,0.043137256,0.20980392,0.70980394,0.043137256,0.043137256,0.3764706,0.043137256,0.043137256,0.043137256,0.043137256,0.54313725,0.3764706,0.043137256
0.77254903,0.44117647,0.44117647,0.77254903,0.77254903,0.44117647,0.77254903,0.77254903,0.77254903,0.77254903,0.77254903,0.77254903,0.77254903,0.77254903,0.77254903,0.77254903
0.078431375,0.078431375,0.078431375,0.078431375,0.53333336,0.078431375,0.078431375,0.078431375,0.7607843,0.53333336,0.078431375,0.078431375,0.078431375,0.078431375,0.30588236,0.078431375
0.78039217,0.5588235,0.5588235,0.78039217,0.5588235,0.66862744,0.78039217,0.78039217,0.67058825,0.6137255,0.78039217,0.78039217,0.78039217,0.5588235,0.6696078,0.78039217
0.9254902,0.9254902,0.58431375,0.9254902,0.58431375,0.9254902,0.8401961,0.9254902,0.75490195,0.58431375,0.8401961,0.9254902,0.9254902,0.58431375,0.75490195,0.9254902
0.12941177,0.327451,0.72156864,0.32647058,0.12941177,0.12941177,0.5245098,0.12941177,0.12941177,0.9196078,0.327451,0.12941177,0.12941177,0.12941177,0.9196078,0.12941177
0.90588236,0.37745097,0.5529412,0.90588236,0.20196079,0.37843138,0.90588236,0.90588236,0.55490196,0.90588236,0.90588236,0.90588236,0.90588236,0.20196079,0.55490196,0.90588236
0.06666667,0.17745098,0.21372549,0.06666667,0.14117648,0.14117648,0.21372549,0.06666667,0.1392157,0.1392157,0.21372549,0.06666667,0.06666667,0.10294118,0.14117648,0.06666667
0.7254902,0.49803922,0.6117647,0.7254902,0.6117647,0.6117647,0.7254902,0.7254902,0.49803922,0.55490196,0.49803922,0.7254902,0.7254902,0.49803922,0.55490196,0.7254902
0.8117647,0.7323529,0.7588235,0.8117647,0.7058824,0.7058824,0.8117647,0.8117647,0.7058824,0.7058824,0.8117647,0.8117647,0.8117647,0.7323529,0.8117647,0.8117647
0.8,0.80588233,0.80588233,0.8,0.8,0.8,0.80196077,0.8,0.80588233,0.8,0.80490196,0.8,0.8,0.80588233,0.8029412,0.8
0.6745098,0.74509805,0.6745098,0.6745098,0.8882353,0.6745098,0.6745098,0.6745098,0.74607843,0.6745098,0.6745098,0.6745098,0.6745098,0.81764704,0.9588235,0.6745098
0.7019608,0.527451,0.527451,0.7019608,0.61470586,0.7019608,0.44019607,0.7019608,0.7019608,0.44019607,0.44019607,0.7019608,0.7019608,0.3529412,0.7019608,0.7019608
0.7254902,0.5411765,0.7254902,0.7254902,0.35882354,0.6333333,0.7254902,0.7254902,0.4509804,0.35882354,0.7254902,0.7254902,0.7254902,0.6333333,0.35882354,0.7254902
0.7647059,0.75686276,0.7490196,0.7647059,0.75686276,0.7529412,0.7647059,0.7647059,0.75686276,0.7490196,0.7490196,0.7647059,0.7647059,0.7490196,0.7490196,0.7647059
0.56078434,0.6019608,0.5803922,0.56078434,0.5803922,0.58235294,0.6019608,0.56078434,0.6019608,0.6019608,0.6019608,0.56078434,0.56078434,0.5921569,0.6019608,0.56078434
0.75686276,0.39607844,0.39607844,0.75686276,0.5764706,0.5764706,0.75686276,0.75686276,0.5764706,0.39607844,0.75686276,0.75686276,0.75686276,0.39607844,0.5764706,0.75686276
0.87058824,0.5882353,0.30588236,0.87058824,0.87058824,0.7294118,0.30588236,0.87058824,0.44705883,0.44705883,0.30588236,0.87058824,0.87058824,0.7294118,0.7294118,0.87058824
0.08235294,0.08235294,0.08235294,0.08235294,0.1764706,0.1764706,0.08235294,0.08235294,0.08235294,0.08235294,0.08235294,0.08235294,0.08235294,0.20784314,0.08235294,0.08235294
0.63529414,0.68921566,0.85294116,0.63529414,0.85294116,0.74509805,0.63529414,0.63529414,0.68921566,0.74509805,0.63529414,0.63529414,0.63529414,0.63529414,0.85294116,0.63529414
0.8117647,0.9235294,0.9235294,0.8117647,0.8666667,0.8686274,0.8392157,0.8117647,0.8960784,0.89509803,0.8686274,0.8117647,0.8117647,0.8392157,0.8686274,0.8117647
0.84705883,0.2617647,0.2617647,0.84705883,0.45686275,0.84705883,0.2617647,0.84705883,0.06666667,0.84705883,0.45686275,0.84705883,0.84705883,0.06666667,0.2617647,0.84705883
0.76862746,0.12745099,0.76862746,0.76862746,0.76862746,0.12745099,0.2882353,0.76862746,0.12745099,0.44705883,0.44705883,0.76862746,0.76862746,0.76862746,0.76862746,0.76862746
0.8627451,0.8627451,0.8627451,0.8627451,0.4490196,0.8627451,0.03529412,0.8627451,0.03529412,0.8627451,0.8627451,0.8627451,0.8627451,0.03529412,0.8627451,0.8627451
0.7647059,0.50784314,0.50784314,0.7647059,0.42156863,0.50784314,0.7647059,0.7647059,0.7647059,0.7647059,0.59313726,0.7647059,0.7647059,0.7647059,0.50784314,0.7647059
0.7764706,0.8372549,0.81764704,0.7764706,0.8568627,0.8372549,0.7764706,0.7764706,0.8568627,0.8568627,0.8568627,0.7764706,0.7764706,0.8372549,0.7764706,0.7764706
0.88235295,0.88235295,0.88235295,0.88235295,0.88235295,0.8960784,0.88235295,0.88235295,0.9098039,0.9098039,0.9098039,0.88235295,0.88235295,0.88235295,0.9098039,0.88235295
0.627451,0.627451,0.7137255,0.627451,0.69215685,0.7137255,0.627451,0.627451,0.7137255,0.6490196,0.7137255,0.627451,0.627451,0.67058825,0.67058825,0.627451
0.5921569,0.9254902,0.9254902,0.5921569,0.9254902,0.5921569,0.6754902,0.5921569,0.9254902,0.8421569,0.9254902,0.5921569,0.5921569,0.9254902,0.8421569,0.5921569
0.94509804,0.5372549,0.94509804,0.94509804,0.94509804,0.4019608,0.94509804,0.94509804,0.94509804,0.4019608,0.94509804,0.94509804,0.94509804,0.5372549,0.4019608,0.94509804
0.77254903,0.77254903,0.6607843,0.77254903,0.71666664,0.77254903,0.60490197,0.77254903,0.6607843,0.6607843,0.54901963,0.77254903,0.77254903,0.6607843,0.60490197,0.77254903
0.101960786,0.101960786,0.15294118,0.101960786,0.12745099,0.15294118,0.11470588,0.101960786,0.101960786,0.101960786,0.101960786,0.101960786,0.101960786,0.12745099,0.12745099,0.101960786
0.6431373,0.79901963,0.6431373,0.6431373,0.6431373,0.79901963,0.7470588,0.6431373,0.8509804,0.79901963,0.6431373,0.6431373,0.6431373,0.69509804,0.7470588,0.6431373
0.7764706,0.58235294,0.7117647,0.7764706,0.5176471,0.7764706,0.7764706,0.7764706,0.7764706,0.5176471,0.7764706,0.7764706,0.7764706,0.5176471,0.58235294,0.7764706
0.8352941,0.80588233,0.7911765,0.8352941,0.82058823,0.8352941,0.8352941,0.8352941,0.8352941,0.8352941,0.7911765,0.8352941,0.8352941,0.8352941,0.7764706,0.8352941
0.8862745,0.8862745,0.16470589,0.8862745,0.16470589,0.34509805,0.5254902,0.8862745,0.8862745,0.5254902,0.16470589,0.8862745,0.8862745,0.16470589,0.5254902,0.8862745
0.5882353,0.49411765,0.49411765,0.5882353,0.5647059,0.49411765,0.49411765,0.5882353,0.5176471,0.5882353,0.5882353,0.5882353,0.5882353,0.5882353,0.5882353,0.5882353
0.78039217,0.78039217,0.78039217,0.78039217,0.7647059,0.78039217,0.7588235,0.78039217,0.78039217,0.78039217,0.7647059,0.78039217,0.78039217,0.7588235,0.7705882,0.78039217
0.9098039,0.3019608,0.60588235,0.9098039,0.45392156,0.45392156,0.60588235,0.9098039,0.9098039,0.9098039,0.9098039,0.9098039,0.9098039,0.9098039,0.60588235,0.9098039
0.72156864,0.50392157,0.72156864,0.72156864,0.28627452,0.28627452,0.72156864,0.72156864,0.28627452,0.28627452,0.50392157,0.72156864,0.72156864,0.72156864,0.6127451,0.72156864
0.70980394,0.6392157,0.5686275,0.70980394,0.5686275,0.5686275,0.6392157,0.70980394,0.70980394,0.6392157,0.6392157,0.70980394,0.70980394,0.70980394,0.5686275,0.70980394
0.6745098,0.9127451,0.75392157,0.6745098,0.99215686,0.8333333,0.6745098,0.6745098,0.6745098,0.99215686,0.6745098,0.6745098,0.6745098,0.6745098,0.75392157,0.6745098
0.92745095,0.92745095,0.8068628,0.92745095,0.80784315,0.92745095,0.92745095,0.92745095,0.80784315,0.44705883,0.92745095,0.92745095,0.92745095,0.44705883,0.6882353,0.92745095
0.7176471,0.5058824,0.7176471,0.7176471,0.5058824,0.7176471,0.29411766,0.7176471,0.7176471,0.29411766,0.7176471,0.7176471,0.7176471,0.5058824,0.5058824,0.7176471
0.7529412,0.6862745,0.7529412,0.7529412,0.61960787,0.71960783,0.61960787,0.7529412,0.7529412,0.61960787,0.65294117,0.7529412,0.7529412,0.71960783,0.61960787,0.7529412
0.12156863,0.12156863,0.12156863,0.12156863,0.12156863,0.44313726,0.12156863,0.12156863,0.12156863,0.12156863,0.12156863,0.12156863,0.12156863,0.12156863,0.44313726,0.12156863
0.96862745,0.3745098,0.3745098,0.96862745,0.3745098,0.96862745,0.3745098,0.96862745,0.96862745,0.96862745,0.672549,0.82058823,0.96862745,0.96862745,0.52254903,0.96862745
0.6156863,0.17058824,0.46666667,0.021568628,0.021568628,0.021568628,0.021568628,0.021568628,0.021568628,0.021568628,0.021568628,0.021568628,0.021568628,0.17058824,0.31764707,0.31764707
0.42745098,0.92941177,0.92941177,0.92941177,0.7627451,0.26078433,0.92941177,0.92941177,0.92941177,0.26078433,0.92941177,0.92941177,0.92941177,0.59607846,0.7617647,0.59607846
0.9882353,0.10980392,0.76862746,0.10980392,0.9882353,0.32941177,0.9882353,0.9882353,0.10980392,0.76862746,0.9882353,0.9882353,0.9882353,0.9882353,0.10980392,0.10980392
0.03529412,0.23921569,0.44313726,0.03529412,0.44313726,0.34117648,0.03529412,0.03529412,0.34117648,0.13725491,0.34117648,0.03529412,0.03529412,0.13725491,0.44313726,0.03529412
0.07058824,0.34215686,0.34215686,0.07058824,0.34215686,0.2509804,0.07058824,0.07058824,0.07058824,0.2509804,0.2509804,0.07058824,0.2529412,0.43333334,0.07058824,0.07058824
0.11764706,0.11764706,0.8980392,0.11764706,0.11764706,0.11764706,0.11764706,0.11764706,0.11764706,0.11764706,0.11764706,0.11764706,0.11764706,0.11764706,0.50784314,0.11764706
0.078431375,0.34313726,0.25490198,0.078431375,0.43137255,0.078431375,0.34313726,0.078431375,0.078431375,0.43137255,0.43137255,0.078431375,0.078431375,0.25490198,0.25490198,0.25490198
0.14313726,0.70980394,0.5686275,0.42647058,0.42745098,0.14313726,0.14313726,0.14313726,0.14313726,0.14313726,0.42745098,0.14313726,0.28529412,0.14313726,0.14313726,0.42745098
0.21176471,0.3156863,0.41960785,0.21176471,0.21176471,0.5235294,0.5235294,0.21176471,0.41960785,0.41960785,0.5235294,0.41960785,0.21176471,0.3156863,0.5235294,0.21176471
0.13725491,0.13725491,0.33529413,0.13725491,0.13725491,0.13725491,0.13725491,0.13725491,0.13725491,0.13725491,0.13725491,0.13725491,0.13725491,0.13725491,0.26862746,0.13725491
0.1764706,0.2990196,0.6666667,0.1764706,0.1764706,0.1764706,0.42156863,0.42156863,0.2990196,0.42156863,0.1764706,0.1764706,0.1764706,0.42156863,0.1764706,0.1764706
0.25490198,0.25490198,0.20588236,0.25490198,0.20588236,0.23039216,0.23039216,0.25490198,0.18137255,0.15686275,0.15686275,0.25490198,0.25490198,0.25490198,0.25490198,0.25490198
0.105882354,0.105882354,0.105882354,0.105882354,0.064705886,0.064705886,0.08529412,0.025490196,0.105882354,0.064705886,0.046078432,0.105882354,0.105882354,0.08627451,0.04509804,0.105882354
0.05882353,0.43529412,0.56078434,0.56078434,0.18431373,0.30980393,0.05882353,0.05882353,0.18431373,0.30980393,0.56078434,0.05882353,0.05882353,0.05882353,0.05882353,0.56078434
0.3137255,0.40392157,0.3137255,0.12941177,0.12941177,0.12941177,0.12941177,0.12941177,0.31176472,0.12941177,0.12941177,0.12941177,0.12941177,0.22058824,0.22058824,0.12941177
0.93921566,0.93921566,0.85784316,0.93921566,0.93921566,0.93921566,0.69509804,0.93921566,0.93921566,0.7764706,0.6137255,0.93921566,0.93921566,0.6137255,0.7764706,0.93921566
0.38431373,0.5254902,0.38431373,0.38431373,0.38431373,0.38431373,0.5254902,0.38431373,0.38431373,0.59607846,0.5254902,0.38431373,0.38431373,0.6666667,0.38431373,0.38431373
0.9411765,0.9,0.85882354,0.85882354,0.9,0.9411765,0.85882354,0.85882354,0.87941176,0.9,0.85882354,0.85882354,0.85882354,0.92058825,0.9,0.85882354
0.23529412,0.23529412,0.23529412,0.23529412,0.29607844,0.32647058,0.26568627,0.23529412,0.23529412,0.32647058,0.29607844,0.23529412,0.23529412,0.29607844,0.35686275,0.23529412
0.019607844,0.1,0.14019608,0.18039216,0.019607844,0.019607844,0.05980392,0.019607844,0.019607844,0.18039216,0.18039216,0.019607844,0.019607844,0.18039216,0.18039216,0.019607844
0.44509804,0.44509804,0.80784315,0.08235294,0.80784315,0.44509804,0.08235294,0.08235294,0.08235294,0.44509804,0.2637255,0.08235294,0.44509804,0.08235294,0.62647057,0.08235294
0.08627451,0.08627451,0.08627451,0.08627451,0.08627451,0.39215687,0.08627451,0.08627451,0.08627451,0.08627451,0.08627451,0.08627451,0.08627451,0.08627451,0.49411765,0.08627451
0.019607844,0.4480392,0.30588236,0.019607844,0.019607844,0.4480392,0.5901961,0.019607844,0.5901961,0.019607844,0.4480392,0.019607844,0.019607844,0.019607844,0.019607844,0.019607844
0.16862746,0.16862746,0.16862746,0.16862746,0.16862746,0.16862746,0.16862746,0.16862746,0.16862746,0.16862746,0.16862746,0.16862746,0.16862746,0.16862746,0.16862746,0.16862746
0.25882354,0.38235295,0.25882354,0.25882354,0.25882354,0.25882354,0.38235295,0.25882354,0.42352942,0.42352942,0.34117648,0.25882354,0.25882354,0.38235295,0.3,0.25882354
0.047058824,0.25686276,0.047058824,0.047058824,0.25686276,0.25686276,0.047058824,0.047058824,0.25686276,0.20490196,0.1509804,0.047058824,0.25686276,0.09901961,0.047058824,0.047058824
0.023529412,0.023529412,0.023529412,0.023529412,0.20196079,0.023529412,0.023529412,0.023529412,0.20196079,0.11372549,0.20196079,0.023529412,0.023529412,0.068627454,0.15686275,0.20196079
0.003921569,0.003921569,0.003921569,0.063725494,0.003921569,0.064705886,0.003921569,0.003921569,0.003921569,0.003921569,0.003921569,0.003921569,0.003921569,0.064705886,0.024509804,0.024509804
0.38039216,0.75490195,0.75490195,0.38039216,0.38039216,0.38039216,0.38039216,0.38039216,0.56666666,0.56666666,0.5686275,0.38039216,0.38039216,0.5686275,0.38039216,0.56666666
0.13725491,0.105882354,0.12156863,0.13725491,0.12156863,0.13725491,0.13725491,0.13725491,0.07450981,0.13725491,0.13725491,0.13725491,0.13725491,0.12156863,0.13725491,0.13725491
0.26666668,0.47843137,0.9019608,0.05490196,0.05490196,0.05490196,0.05490196,0.05490196,0.05490196,0.05490196,0.6901961,0.05490196,0.9019608,0.05490196,0.05490196,0.05490196
0.65686274,0.7941176,0.93333334,0.79607844,0.93333334,0.7941176,0.93333334,0.93333334,0.7941176,0.93333334,0.93333334,0.93333334,0.7941176,0.93333334,0.93333334,0.93333334
0.95686275,0.9019608,0.9019608,0.95686275,0.95686275,0.7372549,0.84705883,0.95686275,0.95686275,0.84705883,0.7372549,0.95686275,0.95686275,0.95686275,0.95686275,0.95686275
0.1882353,0.5803922,0.48235294,0.1882353,0.38431373,0.48235294,0.1882353,0.1882353,0.28627452,0.28627452,0.38431373,0.1882353,0.1882353,0.28627452,0.1882353,0.28627452
0.064705886,0.064705886,0.064705886,0.5235294,0.064705886,0.064705886,0.064705886,0.064705886,0.064705886,0.9843137,0.9843137,0.064705886,0.064705886,0.75392157,0.064705886,0.064705886
0.003921569,0.003921569,0.39607844,0.003921569,0.003921569,0.003921569,0.101960786,0.003921569,0.29803923,0.003921569,0.29803923,0.003921569,0.003921569,0.003921569,0.101960786,0.003921569
0.043137256,0.043137256,0.043137256,0.043137256,0.23921569,0.043137256,0.043137256,0.043137256,0.043137256,0.24117647,0.043137256,0.14215687,0.043137256,0.043137256,0.043137256,0.043137256
0.1254902,0.1254902,0.1254902,0.1254902,0.17450981,0.22352941,0.1254902,0.1254902,0.1254902,0.32156864,0.1254902,0.1254902,0.32156864,0.17450981,0.32156864,0.1254902
0.07647059,0.07647059,0.07647059,0.07647059,0.07647059,0.07647059,0.08137255,0.07647059,0.07647059,0.07647059,0.07647059,0.07647059,0.07647059,0.07647059,0.07647059,0.07647059
0.16470589,0.20784314,0.08235294,0.08235294,0.124509804,0.16470589,0.08235294,0.08235294,0.20686275,0.16470589,0.08235294,0.08235294,0.08235294,0.08235294,0.08235294,0.08235294
0.023529412,0.023529412,0.1254902,0.023529412,0.43137255,0.023529412,0.43137255,0.023529412,0.22745098,0.32941177,0.023529412,0.023529412,0.22745098,0.22745098,0.023529412,0.32941177
0.7117647,0.18039216,0.18039216,0.18039216,0.18039216,0.18039216,0.18039216,0.18039216,0.18039216,0.44509804,0.18039216,0.3137255,0.18039216,0.44705883,0.7117647,0.18039216
0.023529412,0.023529412,0.023529412,0.023529412,0.5892157,0.21176471,0.023529412,0.023529412,0.4,0.023529412,0.023529412,0.023529412,0.2127451,0.023529412,0.023529412,0.023529412
0.019607844,0.42941177,0.32647058,0.019607844,0.019607844,0.42941177,0.2254902,0.019607844,0.42941177,0.019607844,0.327451,0.019607844,0.019607844,0.019607844,0.019607844,0.019607844
0.11372549,0.11372549,0.11372549,0.11372549,0.49411765,0.49411765,0.20882353,0.11372549,0.11372549,0.3990196,0.11372549,0.11372549,0.11372549,0.49411765,0.49411765,0.11372549
0.08627451,0.7078431,0.08627451,0.08627451,0.08627451,0.91568625,0.08627451,0.08627451,0.08627451,0.91568625,0.29313725,0.08627451,0.08627451,0.08627451,0.08627451,0.08627451
0.050980393,0.050980393,0.10784314,0.16470589,0.050980393,0.050980393,0.07941177,0.050980393,0.13627452,0.16470589,0.050980393,0.050980393,0.050980393,0.050980393,0.10784314,0.050980393
0.057843138,0.057843138,0.011764706,0.011764706,0.011764706,0.04117647,0.011764706,0.011764706,0.011764706,0.011764706,0.011764706,0.011764706,0.011764706,0.011764706,0.011764706,0.07254902
0.13333334,0.5294118,0.13333334,0.33137256,0.5294118,0.5294118,0.13333334,0.13333334,0.5294118,0.5294118,0.13333334,0.33137256,0.13333334,0.5294118,0.13333334,0.13333334
0.38039216,0.26078433,0.26078433,0.38039216,0.26078433,0.26078433,0.38039216,0.26078433,0.38039216,0.2009804,0.14117648,0.38039216,0.38039216,0.38039216,0.38039216,0.38039216
0.24803922,0.1254902,0.1254902,0.1254902,0.1254902,0.49313724,0.1254902,0.1254902,0.1254902,0.37058824,0.1254902,0.1254902,0.1254902,0.1254902,0.1254902,0.1254902
0.1764706,0.1764706,0.1764706,0.3647059,0.1764706,0.1764706,0.1764706,0.1764706,0.1764706,0.1764706,0.1764706,0.1764706,0.1764706,0.1764706,0.1764706,0.3647059
0.052941177,0.052941177,0.052941177,0.052941177,0.052941177,0.48039216,0.052941177,0.052941177,0.052941177,0.48039216,0.052941177,0.052941177,0.052941177,0.48039216,0.48235294,0.48235294
0.65686274,0.003921569,0.22156863,0.003921569,0.003921569,0.4392157,0.003921569,0.003921569,0.003921569,0.8745098,0.003921569,0.003921569,0.65686274,0.22156863,0.4392157,0.003921569
0.07450981,0.07450981,0.2509804,0.07450981,0.07450981,0.07450981,0.3392157,0.07450981,0.07450981,0.07450981,0.07450981,0.42745098,0.07450981,0.2509804,0.07450981,0.07450981
0.15882353,0.21176471,0.15882353,0.15882353,0.18529412,0.15882353,0.105882354,0.105882354,0.105882354,0.105882354,0.105882354,0.105882354,0.105882354,0.15882353,0.15882353,0.105882354
0.011764706,0.09313726,0.3372549,0.17450981,0.011764706,0.09313726,0.17450981,0.011764706,0.3372549,0.011764706,0.17450981,0.011764706,0.011764706,0.25588235,0.011764706,0.011764706
0.16470589,0.019607844,0.019607844,0.019607844,0.16470589,0.16470589,0.019607844,0.019607844,0.019607844,0.019607844,0.019607844,0.019607844,0.019607844,0.019607844,0.30980393,0.019607844
0.1254902,0.63529414,0.63529414,0.38039216,0.63529414,0.38039216,0.1254902,0.1254902,0.1254902,0.38039216,0.38039216,0.1254902,0.1254902,0.2529412,0.1254902,0.38039216
0.09019608,0.41568628,0.09019608,0.09019608,0.09019608,0.09019608,0.09019608,0.09019608,0.09019608,0.33431372,0.41568628,0.09019608,0.09019608,0.2529412,0.09019608,0.09019608
0.24509804,0.24509804,0.24509804,0.24509804,0.24509804,0.12941177,0.01764706,0.24509804,0.12941177,0.12941177,0.24509804,0.01764706,0.24509804,0.1872549,0.24509804,0.24509804
0.12941177,0.12941177,0.12941177,0.12941177,0.12941177,0.12941177,0.12941177,0.12941177,0.12941177,0.12941177,0.12941177,0.12941177,0.12941177,0.12941177,0.12941177,0.12941177
0.28627452,0.28627452,0.28627452,0.2882353,0.2882353,0.28627452,0.2901961,0.28627452,0.28921568,0.28921568,0.2901961,0.28627452,0.28627452,0.2882353,0.2901961,0.28627452
0.20196079,0.15392157,0.25,0.105882354,0.15392157,0.105882354,0.105882354,0.105882354,0.105882354,0.105882354,0.105882354,0.105882354,0.105882354,0.25,0.15392157,0.20196079
0.28235295,0.46078432,0.101960786,0.101960786,0.28039217,0.28235295,0.101960786,0.101960786,0.28235295,0.101960786,0.101960786,0.101960786,0.101960786,0.28039217,0.46078432,0.101960786
0.99607843,0.99607843,0.99607843,0.94509804,0.9705882,0.99607843,0.98333335,0.99607843,0.99607843,0.98333335,0.98333335,0.9705882,0.99607843,0.99607843,0.9705882,0.99607843
0.007843138,1,1,1,0.7519608,1,0.25588235,0.007843138,0.007843138,0.50392157,0.50392157,0.50392157,0.50392157,0.007843138,0.007843138,0.007843138
0.023529412,0.047058824,0.05882353,0.05882353,0.05882353,0.05882353,0.05882353,0.03529412,0.05882353,0.047058824,0.05882353,0.05882353,0.03529412,0.047058824,0.05882353,0.05882353
0.9431372,0.7490196,0.7490196,0.9431372,0.7970588,0.9431372,0.7970588,0.9431372,0.845098,0.7490196,0.7490196,0.845098,0.9431372,0.84705883,0.9431372,0.9431372
0.40784314,0.8784314,0.6431373,0.8784314,0.8784314,0.8784314,0.8784314,0.8784314,0.8784314,0.40784314,0.8784314,0.8784314,0.6431373,0.8784314,0.40784314,0.40784314
0.023529412,0.23529412,0.87058824,0.023529412,0.023529412,0.44705883,0.65882355,0.44705883,0.023529412,0.44705883,0.44705883,0.023529412,0.023529412,0.023529412,0.023529412,0.023529412
1,1,0.654902,1,1,1,0.654902,1,1,1,1,1,1,1,1,0.654902
0.13137256,0.13137256,0.13137256,0.13137256,0.15294118,0.13137256,0.13137256,0.13137256,0.13137256,0.13137256,0.14215687,0.13137256,0.13137256,0.13137256,0.17058824,0.13137256
0.08627451,0.40588236,0.08627451,0.7254902,0.08627451,0.5656863,0.08627451,0.40588236,0.40588236,0.7254902,0.08627451,0.08627451,0.08627451,0.24607843,0.7254902,0.7254902
0.023529412,0.023529412,0.023529412,0.44509804,0.023529412,0.44509804,0.023529412,0.023529412,0.023529412,0.65588236,0.023529412,0.023529412,0.44509804,0.44509804,0.65588236,0.44509804
0.9882353,0.8372549,0.8372549,0.9882353,0.8372549,0.9882353,0.6862745,0.9882353,0.9882353,0.9882353,0.9882353,0.9882353,0.9882353,0.9882353,0.7617647,0.6862745
0.05882353,0.20392157,0.05882353,0.20392157,0.2764706,0.05882353,0.05882353,0.05882353,0.13137256,0.34901962,0.05882353,0.05882353,0.05882353,0.34901962,0.20392157,0.20392157
0.09803922,0.4509804,0.5686275,0.09803922,0.09803922,0.21568628,0.09803922,0.33333334,0.33333334,0.5686275,0.33333334,0.09803922,0.09803922,0.33333334,0.4509804,0.4509804
0.078431375,0.078431375,0.12254902,0.078431375,0.078431375,0.078431375,0.078431375,0.078431375,0.078431375,0.12254902,0.078431375,0.078431375,0.078431375,0.078431375,0.078431375,0.078431375
0.1882353,0.1882353,0.32941177,0.1882353,0.32941177,0.25882354,0.4,0.1882353,0.32941177,0.47058824,0.32941177,0.1882353,0.1882353,0.1882353,0.1882353,0.1882353
0.36862746,0.16470589,0.36862746,0.36862746,0.36862746,0.16470589,0.36862746,0.36862746,0.26666668,0.16470589,0.31764707,0.36862746,0.36862746,0.36862746,0.36862746,0.36862746
0.17254902,0.17254902,0.54901963,0.17254902,0.17254902,0.17254902,0.36078432,0.17254902,0.17254902,0.54901963,0.54901963,0.17254902,0.17254902,0.36078432,0.45490196,0.17254902
0.07254902,0.5176471,0.07254902,0.7382353,0.9607843,0.5156863,0.07254902,0.07254902,0.29509804,0.5156863,0.07254902,0.07254902,0.07254902,0.5176471,0.07254902,0.5176471
0.56078434,0.019607844,0.019607844,0.019607844,0.56078434,0.019607844,0.019607844,0.019607844,0.019607844,0.38039216,0.019607844,0.019607844,0.019607844,0.019607844,0.019607844,0.7411765
0.99607843,0.8882353,0.8862745,0.99607843,0.8862745,0.99607843,0.99607843,0.8862745,0.94215685,0.99607843,0.99607843,0.99607843,0.99607843,0.8872549,0.8333333,0.99607843
0.09411765,0.09411765,0.09411765,0.28039217,0.21960784,0.09411765,0.09411765,0.09411765,0.09411765,0.09411765,0.09411765,0.09411765,0.21960784,0.09411765,0.09411765,0.09411765
0.050980393,0.078431375,0.078431375,0.078431375,0.050980393,0.023529412,0.078431375,0.078431375,0.064705886,0.023529412,0.078431375,0.064705886,0.023529412,0.078431375,0.078431375,0.023529412
0.101960786,0.10980392,0.101960786,0.101960786,0.101960786,0.105882354,0.101960786,0.101960786,0.101960786,0.101960786,0.101960786,0.101960786,0.101960786,0.10980392,0.101960786,0.101960786
0.09411765,0.09411765,0.08039216,0.09411765,0.06666667,0.09411765,0.09411765,0.09411765,0.09411765,0.09411765,0.09411765,0.09411765,0.08039216,0.06666667,0.08039216,0.09411765
0.19215687,0.30490196,0.19215687,0.19215687,0.19215687,0.19215687,0.19215687,0.19215687,0.19215687,0.6431373,0.30490196,0.19215687,0.19215687,0.30490196,0.19215687,0.19215687
0.14117648,0.18039216,0.14117648,0.14117648,0.21960784,0.21960784,0.14117648,0.14117648,0.18039216,0.14117648,0.2,0.14117648,0.14117648,0.2,0.14117648,0.14117648
0.32941177,0.14901961,0.14901961,0.14901961,0.50980395,0.32941177,0.14901961,0.14901961,0.14901961,0.14901961,0.14901961,0.14901961,0.14901961,0.32941177,0.50980395,0.14901961
0.9529412,0.9529412,0.86470586,0.9529412,0.9529412,0.7764706,0.9529412,0.9529412,0.9529412,0.9529412,0.9529412,0.9529412,0.9529412,0.9529412,0.9529412,0.9529412
